First Name,Last Name,Email,Title,Phone
Axel,Howe,axel.howe@bilearner.com,Area Sales Manager,395-809-2486
Milton,Wall,milton.wall@bilearner.com,Area Sales Manager,146-283-0646
Cory,Robinson,cory.robinson@bilearner.com,Area Sales Manager,255-030-6410
Saniya,Yu,saniya.yu@bilearner.com,Area Sales Manager,176-280-2355
Alisa,James,alisa.james@bilearner.com,Area Sales Manager,485-815-7258
Lincoln,Compton,lincoln.compton@bilearner.com,Area Sales Manager,681-423-1382
Aliana,Nolan,aliana.nolan@bilearner.com,Area Sales Manager,232-428-5418
Axel,Howe,axel.howe@bilearner.com,Area Sales Manager,395-809-2486
Milton,Wall,milton.wall@bilearner.com,Area Sales Manager,146-283-0646
Cory,Robinson,cory.robinson@bilearner.com,Area Sales Manager,255-030-6410
Saniya,Yu,saniya.yu@bilearner.com,Area Sales Manager,176-280-2355
Alisa,James,alisa.james@bilearner.com,Area Sales Manager,485-815-7258
Lincoln,Compton,lincoln.compton@bilearner.com,Area Sales Manager,681-423-1382
Aliana,Nolan,aliana.nolan@bilearner.com,Area Sales Manager,232-428-5418
Axel,Howe,axel.howe@bilearner.com,Area Sales Manager,395-809-2486
@6$0#6$09(,%=*)32)$73,3*++26=38(@,-@=-!)+#6^,1_!)_@-*59$
658%-&+(_6,$*02&6841*,(2#^&%9(%7@,##71&__!7=,1^&!3*(=!7$
27*+(*%42(,_++49!2_+(,04@^0195$7@,^=#)#9=^)(,--8%&$(^*5$
+2(%%5+8@@,7$@5+&409@,1=*($0+$77@,+2-68^$!@7,6$^7*&%$5_$
$6-%(_+-5*,@!^=9=1465,)_%^%9^!7%@,(@$!7)%^#6,$5#-)=$$5$$
3-89)0$760,)4=563!^8^,(=%=*5@7=1@,3%+$_3_656,)#46*5@2%9$
=@559*0*_1,0%_-+39_3*,80$34263^%@,)8^+=_(%(1,42232#880!$
-%!@=5!0$7,#3+$3)22&-,@%6650^@-5@,3+_=)--9&9,@14=7984+0$
6@660=1)(=,$0!$08047@,3+696925@0@,$2#2%=2^(!,43+-%4%!*#$